policy,n,mean_recovery,median_recovery,completion_rate,default_rate,mean_completion_t,mean_burden,mean_burden_months,mean_household_violation_months,household_violation_zero_rate,mean_reward
Random,1302,0.9276167678184929,0.9356223103176657,27.80337941628264,72.19662058371735,22.654696132596683,0.1188979806471578,17.8110599078341,17.8110599078341,0.0,-22.008859882903067
Fixed-0.05,1302,0.3333333381484886,0.3333333383003871,0.0,100.0,,0.040535761951473716,14.435483870967742,14.435483870967742,8.525345622119817,-22.10521733706122
Fixed-0.10,1302,0.6666666762969772,0.6666666766007742,0.0,100.0,,0.07797496862462991,16.749615975422426,16.749615975422426,4.915514592933948,-22.312614667611292
Fixed-0.15,1302,1.0000000392807347,1.00000003973643,79.72350230414746,20.276497695852534,23.745664739884393,0.1183807688430277,18.763440860215052,18.763440860215052,2.3041474654377883,-22.395503263999935
Fixed-0.20,1302,1.0373536570875361,1.0323135514028967,100.0,0.0,18.2357910906298,0.16336725916754244,15.559907834101383,15.559907834101383,0.38402457757296465,-18.4057231014583
RevProportional-0.10,1302,0.6372557952007275,0.6339189354533217,0.07680491551459294,99.9231950844854,14.0,0.07472460432461954,16.526881720430108,16.526881720430108,5.299539170506913,-22.262677908596036
CVaR,1302,0.659108756997695,0.88761003117426,9.13978494623656,90.86021505376344,23.294117647058822,0.06715487141335937,18.723502304147466,18.723502304147466,2.0737327188940093,-24.19233471367235
