type,n_sellers,rev_mean,rev_std,rev_cv,rev_min,rev_max,zero_pct,m_i_mean,m_i_std
stable,1000,1444.2925978386052,453.730658456507,0.3141542504167911,181.37252409798418,3393.994933757995,0.0,0.24814075381047057,0.09220623664955897
seasonal,1000,995.9250061640721,680.2600878823823,0.6830434858770018,0.0,5802.151348102658,4.825,0.19813958230405773,0.08524999560878932
growth,1000,571.9701509654394,450.6212408613199,0.7878404845090389,0.0,2802.965700053768,9.716666666666667,0.11467497502218663,0.06063691816421041
volatile,1000,418.86073110163676,437.8097921401768,1.0452395262470715,0.0,8846.62651162635,13.612499999999999,0.09971719744246398,0.06532920039191412
