{
  "version": "v6",
  "method": "per-seller bootstrap + KOSIS 카테고리별 + Naver 카테고리별 + β=0.4",
  "config": {
    "n_sellers": 1182,
    "n_rows": 28368,
    "n_donors": 591,
    "samples_per_donor": 2,
    "naver_beta": 0.4
  },
  "seller_level_correlations": {
    "kosis_trend_r_mean": 0.2671343986521126,
    "kosis_trend_r_median": 0.28350245181499084,
    "kosis_trend_abs_gt_03_pct": 54.230118443316414,
    "naver_r_mean": 0.23230534538342493,
    "naver_r_median": 0.225152130467737,
    "naver_abs_gt_02_pct": 60.92943201376936
  },
  "category_aggregate_kosis_r": {
    "생활용품": -0.26392197342157736,
    "신발": 0.7213560524526799,
    "가구": 0.525849924654536,
    "컴퓨터 및 주변기기": 0.8859287706196253,
    "가전·전자": 0.5504681359035549,
    "화장품": 0.25565233245133834,
    "아동·유아용품": 0.7853848852040186,
    "스포츠·레저용품": 0.9089936022900296,
    "가방": 0.7641298966131085,
    "자동차 및 자동차용품": 0.7996617411401903,
    "통신기기": 0.808184940770932,
    "애완용품": 0.02072803558429545,
    "사무·문구": 0.8624846995325854,
    "서적": 0.7989064764598222,
    "음·식료품": 0.05293568080838535,
    "농축수산물": 0.7470580668947847,
    "기타": 0.5867023128190344,
    "패션용품 및 액세서리": 0.8844958154651106,
    "의복": 0.9042415389410834
  },
  "comparison_history": {
    "v3": {
      "kosis_seller_r": 0.097,
      "naver_seller_r": 0.03,
      "agg_kosis_r": 0.51
    },
    "v5": {
      "kosis_seller_r": -0.012,
      "naver_seller_r": 0.227,
      "agg_kosis_r": 0.09
    },
    "v6": {
      "kosis_seller_r": 0.2671343986521126,
      "naver_seller_r": 0.23230534538342493,
      "agg_kosis_r_mean": 0.6104863650096597
    }
  },
  "type_distribution": {
    "stable": 924,
    "seasonal": 67,
    "volatile": 59,
    "other": 57,
    "decline": 44,
    "growth": 31
  },
  "kosis_category_distribution": {
    "생활용품": 188,
    "가구": 166,
    "스포츠·레저용품": 150,
    "화장품": 148,
    "아동·유아용품": 94,
    "컴퓨터 및 주변기기": 78,
    "가방": 56,
    "자동차 및 자동차용품": 52,
    "가전·전자": 50,
    "통신기기": 46,
    "애완용품": 40,
    "기타": 26,
    "서적": 20,
    "패션용품 및 액세서리": 20,
    "사무·문구": 18,
    "음·식료품": 10,
    "의복": 8,
    "신발": 6,
    "농축수산물": 6
  }
}