{
  "config": {
    "n_scenarios": 200,
    "alpha": 0.05,
    "lambda": 1.0,
    "r_range": [
      0.03,
      0.25
    ],
    "cap": 1.2,
    "loan_multiplier": 3.0,
    "noise_scale": 0.3
  },
  "n_total": 1302,
  "n_success": 1302,
  "n_failed": 0,
  "r_star_stats": {
    "mean": 0.041797449860250066,
    "median": 0.03000000000429491,
    "std": 0.021996059791103452,
    "min": 0.03000000000000085,
    "max": 0.10246170131141508,
    "p25": 0.030000000000590474,
    "p75": 0.04287379450172003
  },
  "by_type": {
    "decline": {
      "n": 54,
      "r_star_mean": 0.03371503039405349,
      "r_star_median": 0.030000000000626102,
      "cvar_mean": 141.13015504563094,
      "expected_recovery_mean": 150.73398266538481
    },
    "growth": {
      "n": 101,
      "r_star_mean": 0.05876576750543898,
      "r_star_median": 0.050317258683335045,
      "cvar_mean": 1376.7628248501205,
      "expected_recovery_mean": 2923.43464447656
    },
    "other": {
      "n": 56,
      "r_star_mean": 0.03708707540763161,
      "r_star_median": 0.030000000001217504,
      "cvar_mean": 263.33073802676387,
      "expected_recovery_mean": 329.0180131384487
    },
    "seasonal": {
      "n": 33,
      "r_star_mean": 0.03530593842013422,
      "r_star_median": 0.03000000000084075,
      "cvar_mean": 170.67612607902643,
      "expected_recovery_mean": 226.31851857154103
    },
    "stable": {
      "n": 1018,
      "r_star_mean": 0.04118712928541773,
      "r_star_median": 0.03000000000513739,
      "cvar_mean": 708.0938226922085,
      "expected_recovery_mean": 1026.4158923425468
    },
    "volatile": {
      "n": 40,
      "r_star_mean": 0.03734639388675781,
      "r_star_median": 0.030000000000737156,
      "cvar_mean": 136.5180835623064,
      "expected_recovery_mean": 175.2652211124393
    }
  }
}