policy,subset,n,completion_rate,mean_burden,mean_household_violation_months,mean_violation_amount_total,mean_violation_ratio_max,p95_violation_ratio_max
Fixed-0.15,Tier_A_only,44,81.81818181818183,0.08754218789383991,23.727272727272727,7858.864822379283,3.7227042308195197,5.276333744955553
CVaR,Tier_A_only,44,0.0,0.03733083483567515,23.727272727272727,3012.4523671240877,0.9990382957212861,1.0032525676681698
PPO_base,Tier_A_only,44,0.0,0.00514552039100998,1.0454545454545454,15.99066532648264,0.06847785505293394,0.2639082952366255
PPO_eta_strong,Tier_A_only,44,0.0,0.00514552039100998,1.0454545454545454,15.99066532648264,0.06847785505293394,0.2639082952366255
PPO_x1_only,Tier_A_only,44,0.0,0.00514552039100998,1.0454545454545454,15.99066532648264,0.06847785505293394,0.2639082952366255
