{
  "config": {
    "m_i": 0.1,
    "L_personal": 128.21,
    "tier_a_threshold": 2.0,
    "tier_b_threshold": 1.0
  },
  "tier_distribution": {
    "A_적합": {
      "n": 44,
      "pct": 3.3794162826420893,
      "avg_revenue": 4025.322986949574,
      "avg_coverage": 3.1396326237809644
    },
    "B_경계": {
      "n": 120,
      "pct": 9.216589861751153,
      "avg_revenue": 1741.2503011067708,
      "avg_coverage": 1.358123626165487
    },
    "C_부적합": {
      "n": 1138,
      "pct": 87.40399385560676,
      "avg_revenue": 480.94360125630516,
      "avg_coverage": 0.37512175435325257
    }
  },
  "rejection_rate": 96.62058371735792,
  "tier_a_n": 44,
  "filter_plus_ppo_vs_simple_ppo": {
    "completion": {
      "simple_ppo": 92.3963133640553,
      "filter_ppo": 0.0,
      "delta": -92.3963133640553
    },
    "violation_amount": {
      "simple_ppo": 1834.0467924493616,
      "filter_ppo": 15.99066532648264,
      "delta": -1818.056127122879
    },
    "violation_ratio_max": {
      "simple_ppo": 1.7343958733358344,
      "filter_ppo": 0.06847785505293394,
      "delta": -1.6659180182829005
    }
  },
  "tier_a_policy_compare": [
    {
      "policy": "Fixed-0.15",
      "subset": "Tier_A_only",
      "n": 44,
      "completion_rate": 81.81818181818183,
      "mean_burden": 0.08754218789383991,
      "mean_household_violation_months": 23.727272727272727,
      "mean_violation_amount_total": 7858.864822379283,
      "mean_violation_ratio_max": 3.7227042308195197,
      "p95_violation_ratio_max": 5.276333744955553
    },
    {
      "policy": "CVaR",
      "subset": "Tier_A_only",
      "n": 44,
      "completion_rate": 0.0,
      "mean_burden": 0.03733083483567515,
      "mean_household_violation_months": 23.727272727272727,
      "mean_violation_amount_total": 3012.4523671240877,
      "mean_violation_ratio_max": 0.9990382957212861,
      "p95_violation_ratio_max": 1.0032525676681698
    },
    {
      "policy": "PPO_base",
      "subset": "Tier_A_only",
      "n": 44,
      "completion_rate": 0.0,
      "mean_burden": 0.00514552039100998,
      "mean_household_violation_months": 1.0454545454545454,
      "mean_violation_amount_total": 15.99066532648264,
      "mean_violation_ratio_max": 0.06847785505293394,
      "p95_violation_ratio_max": 0.2639082952366255
    },
    {
      "policy": "PPO_eta_strong",
      "subset": "Tier_A_only",
      "n": 44,
      "completion_rate": 0.0,
      "mean_burden": 0.00514552039100998,
      "mean_household_violation_months": 1.0454545454545454,
      "mean_violation_amount_total": 15.99066532648264,
      "mean_violation_ratio_max": 0.06847785505293394,
      "p95_violation_ratio_max": 0.2639082952366255
    },
    {
      "policy": "PPO_x1_only",
      "subset": "Tier_A_only",
      "n": 44,
      "completion_rate": 0.0,
      "mean_burden": 0.00514552039100998,
      "mean_household_violation_months": 1.0454545454545454,
      "mean_violation_amount_total": 15.99066532648264,
      "mean_violation_ratio_max": 0.06847785505293394,
      "p95_violation_ratio_max": 0.2639082952366255
    }
  ]
}