{
  "by_horizon": {
    "h+1": {
      "n": 270,
      "n_valid_ape": 195,
      "ape_mean": 83.56628544110875,
      "ape_median": 39.4116478580467,
      "ape_under_20_pct": 27.17948717948718,
      "ape_under_50_pct": 55.38461538461539
    },
    "h+2": {
      "n": 270,
      "n_valid_ape": 194,
      "ape_mean": 61.118419309598394,
      "ape_median": 42.166522152778285,
      "ape_under_20_pct": 26.288659793814436,
      "ape_under_50_pct": 56.70103092783505
    },
    "h+3": {
      "n": 270,
      "n_valid_ape": 197,
      "ape_mean": 63.08955032295444,
      "ape_median": 31.93746667103226,
      "ape_under_20_pct": 35.53299492385787,
      "ape_under_50_pct": 62.43654822335025
    },
    "h+4": {
      "n": 270,
      "n_valid_ape": 182,
      "ape_mean": 101.41405120930784,
      "ape_median": 34.41282775164249,
      "ape_under_20_pct": 30.76923076923077,
      "ape_under_50_pct": 63.18681318681318
    },
    "h+5": {
      "n": 270,
      "n_valid_ape": 187,
      "ape_mean": 47.06733643421952,
      "ape_median": 29.75949160586187,
      "ape_under_20_pct": 39.037433155080215,
      "ape_under_50_pct": 65.24064171122996
    },
    "h+6": {
      "n": 270,
      "n_valid_ape": 194,
      "ape_mean": 61.86338228223021,
      "ape_median": 34.92859784211056,
      "ape_under_20_pct": 34.02061855670103,
      "ape_under_50_pct": 59.79381443298969
    }
  },
  "by_horizon_group": {
    "short_t1_t3": {
      "n": 810,
      "ape_mean": 69.25092221962512,
      "ape_median": 39.19973995390417,
      "ape_under_20_pct": 29.692832764505116,
      "ape_under_50_pct": 58.19112627986348
    },
    "long_t4_t6": {
      "n": 810,
      "ape_mean": 69.73436127183969,
      "ape_median": 33.5831913574103,
      "ape_under_20_pct": 34.63587921847247,
      "ape_under_50_pct": 62.699822380106575
    },
    "all_t1_t6": {
      "n": 1620,
      "ape_mean": 69.48780314773373,
      "ape_median": 35.52925610594668,
      "ape_under_20_pct": 32.114882506527415,
      "ape_under_50_pct": 60.40034812880766
    }
  },
  "seller_level": {
    "n": 270,
    "val_wape_under_20_pct": 12.962962962962962,
    "test_wape_under_20_pct": 17.77777777777778,
    "all6_wape_under_20_pct": 11.11111111111111,
    "val_wape_median": 80.52694067730529,
    "test_wape_median": 76.6116573049966
  }
}