policy,n,completion_rate,mean_recovery,mean_burden,mean_household_violation_months,household_safe_rate,mean_violation_amount_total,mean_violation_ratio_max,p95_violation_ratio_max,mean_L_applied,mean_cap_applied
Fixed-0.15,160,100.0,1.1140486712008049,0.11593301949556542,9.34375,0.0,2555.4798639831506,2.344409975599711,4.080543465771297,3706.6641780011923,1.0625
PPO_base,160,52.5,0.8742073416233177,0.11642637279751744,3.43125,15.625,599.6204914820346,1.8057613588287644,4.021834752310662,3706.6641780011923,1.0625
PPO_eta_strong,160,54.37499999999999,0.8884125663965825,0.1127926189027995,3.53125,15.625,622.5892896150195,1.8483156667456782,4.162084101180131,3706.6641780011923,1.0625
PPO_x1_only,160,32.5,0.6754387547208931,0.014260336960030326,7.78125,16.25,174.29039667312531,0.21151521390314637,0.298889840900591,3706.6641780011923,1.0625
CVaR,160,86.875,1.0569152411930198,0.05853235919458871,13.5,0.0,1613.3168416878461,0.9190054211558343,1.0199914270995645,3706.6641780011923,1.0625
