policy,n,mean_recovery,median_recovery,completion_rate,default_rate,mean_completion_t,mean_burden,mean_burden_months,mean_household_violation_months,household_violation_zero_rate,mean_reward
Fixed-0.15,1302,1.0000000392807349,1.00000003973643,79.72350230414746,20.276497695852537,23.745664739884393,0.1183807688430277,18.763440860215052,18.763440860215052,2.3041474654377883,-22.395503263999935
CVaR,1302,0.659108756997695,0.88761003117426,9.13978494623656,90.86021505376344,23.294117647058822,0.0671548714133593,18.723502304147463,18.723502304147463,2.0737327188940093,-24.19233471367235
PPO,260,0.8170854397938112,1.0314698000906486,71.92307692307692,28.076923076923077,,0.17664893611293178,9.96923076923077,9.96923076923077,9.615384615384617,-14.360146797452801
