policy,subset,n,mean_recovery,completion_rate,mean_burden,mean_household_violation_months,household_violation_zero_rate,mean_violation_amount_total,median_violation_amount_total,mean_violation_ratio_max,p95_violation_ratio_max,mean_reward
Fixed-0.15,train_1041,1042,1.0000000390181178,79.27063339731286,0.14510410021707637,20.686180422264876,0.0,2182.5214013082837,1769.354926798934,1.2423894983088812,2.447128388670162,-25.62423929337747
Fixed-0.15,test_261,260,1.0000000403332212,81.53846153846153,0.14441075633209544,20.942307692307693,0.0,2314.0860922670718,1947.5597328515707,1.3110006369101073,2.685313332345829,-25.918241291456
CVaR,train_1041,1042,0.27753390516739,0.0,0.03675238593423655,20.686180422264876,0.0,680.9849713714527,375.6423059042771,0.32056263461579965,0.9799967372117463,-29.176536978665336
CVaR,test_261,260,0.2831212786867793,0.0,0.03688999736933911,20.942307692307693,0.0,720.0343915880909,397.887705263621,0.33785315546571676,1.0000000487625895,-29.3864353849294
PPO,train_1041,1042,0.9895884949166911,92.7063339731286,0.23099365459194973,12.16602687140115,1.727447216890595,1828.4166033543506,1568.0604209899902,1.7249999382421146,3.591484615503555,-15.827174212803692
PPO,test_261,260,0.9805858244393741,91.15384615384615,0.22754628999774615,12.215384615384615,2.6923076923076925,1856.6108579762897,1739.6696586608887,1.7720518901345115,3.666398074212046,-16.047912149216028
