policy,n,completion_rate,mean_recovery,mean_burden,mean_household_violation_months,household_violation_zero_rate,mean_violation_amount_total,p95_violation_amount_total,mean_violation_ratio_max,p95_violation_ratio_max,mean_reward
Fixed-0.15,1302,79.72350230414746,1.0000000392807347,0.14496564444895424,20.737327188940093,0.0,2208.7939202401462,5592.392294001109,1.2560906473383118,2.5228088780349,-25.682949369798685
CVaR,1302,0.0,0.2786496633202634,0.03677986594431847,20.737327188940093,0.0,688.7828586650977,2913.127427097833,0.32401542679781076,0.9887847509649569,-29.218452175000703
PPO_base,1302,92.3963133640553,0.9877907266186096,0.2303052407712946,12.175883256528417,1.9201228878648235,1834.0467924493614,4454.92860610962,1.7343958733358344,3.6017892645763054,-15.87125398505193
PPO_eta_strong,1302,92.78033794162826,0.9909400037856904,0.23083686408624243,12.2073732718894,1.9201228878648235,1857.3735618815688,4779.336072036744,1.7348213712192035,3.6441516523641635,-15.888679069599803
PPO_forecast,1302,93.24116743471582,0.9961906982458042,0.23211131646956665,12.221966205837173,1.9201228878648235,1887.8176876489758,4873.365759429932,1.7666280617517218,3.6974818306513737,-15.8722658099003
