{
  "config": {
    "n_train": 1042,
    "n_eval": 260,
    "timesteps": 200000,
    "elapsed_min": 0.75
  },
  "eval": {
    "n": 260,
    "mean_recovery": 0.9804426259666504,
    "median_recovery": 1.042857339261002,
    "completion_rate": 91.15384615384615,
    "mean_burden": 0.22750087601703098,
    "mean_burden_months": 12.211538461538462,
    "mean_household_violation_months": 12.211538461538462,
    "household_violation_zero_rate": 2.6923076923076925,
    "mean_reward": -16.044939729957807
  },
  "by_type": {
    "decline": {
      "n": 10,
      "completion_rate": 100.0,
      "mean_recovery": 1.089160832386122,
      "mean_burden": 0.24957952605629216,
      "mean_household_violation_months": 8.0
    },
    "growth": {
      "n": 19,
      "completion_rate": 68.42105263157895,
      "mean_recovery": 0.7824264597778369,
      "mean_burden": 0.1727797440264671,
      "mean_household_violation_months": 12.631578947368421
    },
    "other": {
      "n": 6,
      "completion_rate": 100.0,
      "mean_recovery": 1.1616029566721158,
      "mean_burden": 0.24958276571724058,
      "mean_household_violation_months": 10.333333333333334
    },
    "seasonal": {
      "n": 6,
      "completion_rate": 100.0,
      "mean_recovery": 1.072460258007643,
      "mean_burden": 0.24990919393663122,
      "mean_household_violation_months": 9.0
    },
    "stable": {
      "n": 212,
      "completion_rate": 91.98113207547169,
      "mean_recovery": 0.9807479512243388,
      "mean_burden": 0.22939869652227435,
      "mean_household_violation_months": 12.683962264150944
    },
    "volatile": {
      "n": 7,
      "completion_rate": 100.0,
      "mean_recovery": 1.119203820578662,
      "mean_burden": 0.24887742095955132,
      "mean_household_violation_months": 7.142857142857143
    }
  }
}