policy,n,completion_rate,mean_burden,mean_household_violation_months,household_safe_rate,mean_violation_amount,mean_violation_ratio_max,p95_violation_ratio_max,max_violation_ratio_max
PPO_base,160,52.5,0.11642637279751744,3.43125,15.625,599.6204914820346,1.8057613588287644,4.021834752310662,6.449416408504602
PPO_x1_only,160,32.5,0.014260336960030326,7.78125,16.25,174.29039667312531,0.21151521390314637,0.298889840900591,0.2996675004572702
Fixed-0.15,160,100.0,0.11593301949556542,9.34375,0.0,2555.4798639831506,2.344409975599711,4.080543465771297,6.072784254959851
CVaR,160,86.875,0.05853235919458871,13.5,0.0,1613.3168416878461,0.9190054211558343,1.0199914270995645,1.0601743463241389
PPO_v2,160,32.5,0.014413680109607595,7.78125,16.25,175.09989021802113,0.21776556849780807,0.2989276630831081,1.2896578290555807
PPO_v2b,160,63.74999999999999,0.14651670189608826,3.1,15.625,912.5503914592267,2.236240312525834,4.490289164299842,9.289039611221337
