{
  "stable": {
    "n_sellers": 251,
    "mean_cv": 1.1407303961459525,
    "median_cv": 1.084509276432496,
    "std_cv": 0.3410717000001755,
    "mean_ar1": 0.42749943592227585,
    "median_ar1": 0.43221193567414073,
    "mean_spike_ratio": 0.007636122177954847,
    "mean_zero_ratio": 0.3119189907038512,
    "mean_rev_mean": 926.019214807437,
    "mean_rev_std": 909.8775922447059,
    "cv_percentiles": {
      "p10": 0.7984953449605302,
      "p25": 0.9307605548210457,
      "p50": 1.084509276432496,
      "p75": 1.2940131873674852,
      "p90": 1.517429914784769
    },
    "ar1_percentiles": {
      "p10": 0.04082724434173905,
      "p50": 0.43221193567414073,
      "p90": 0.7809800551931834
    },
    "noise_dist": {
      "best": "student_t",
      "t_df": 1.5532446862556077,
      "t_loc": -0.03401009040503948,
      "t_scale": 0.28968351300865064
    },
    "m_i_beta": {
      "alpha": 5,
      "beta": 15,
      "mean": 0.25
    },
    "seasonality_strength": {
      "mean": 0.7236961297494842,
      "std": 0.16225537479112406,
      "p25": 0.6378942078184173,
      "p75": 0.8366338274750809
    }
  },
  "seasonal": {
    "n_sellers": 885,
    "mean_cv": 2.0901265224141863,
    "median_cv": 2.0401319625570262,
    "std_cv": 0.6436015189834704,
    "mean_ar1": 0.4232669320185012,
    "median_ar1": 0.43563914270311366,
    "mean_spike_ratio": 0.024105461393596987,
    "mean_zero_ratio": 0.679331450094162,
    "mean_rev_mean": 259.0759934086629,
    "mean_rev_std": 457.8722595529274,
    "cv_percentiles": {
      "p10": 1.2954809544728194,
      "p25": 1.571749048699845,
      "p50": 2.0401319625570262,
      "p75": 2.5423918363289295,
      "p90": 2.96095480902918
    },
    "ar1_percentiles": {
      "p10": 0.08317275242820735,
      "p50": 0.43563914270311366,
      "p90": 0.74373425343132
    },
    "noise_dist": {
      "best": "student_t",
      "t_df": 0.12979487254590855,
      "t_loc": -6.902216445415853e-19,
      "t_scale": 5.2498001075279456e-18
    },
    "m_i_beta": {
      "alpha": 4,
      "beta": 16,
      "mean": 0.2
    },
    "seasonality_strength": {
      "mean": 1.0000113276536593,
      "std": 0.026361109586900227,
      "p25": 0.9999999998768268,
      "p75": 0.9999999999857628
    }
  },
  "growth": {
    "n_sellers": 305,
    "mean_cv": 2.676589818183384,
    "median_cv": 2.7236929268761654,
    "std_cv": 0.5295719482867809,
    "mean_ar1": 0.5791818603617528,
    "median_ar1": 0.5920263793950203,
    "mean_spike_ratio": 0.034972677595628415,
    "mean_zero_ratio": 0.8140710382513661,
    "mean_rev_mean": 120.60962158469945,
    "mean_rev_std": 280.38739568545896,
    "cv_percentiles": {
      "p10": 1.8890455881752013,
      "p25": 2.353549967072393,
      "p50": 2.7236929268761654,
      "p75": 3.019527305855911,
      "p90": 3.3189214579202724
    },
    "ar1_percentiles": {
      "p10": 0.2876630371074362,
      "p50": 0.5920263793950203,
      "p90": 0.8878289542333081
    },
    "noise_dist": {
      "best": "student_t",
      "t_df": 1.1482835043250454,
      "t_loc": -3.441472689038969e-16,
      "t_scale": 4.807927552646143e-16
    },
    "m_i_beta": {
      "alpha": 3,
      "beta": 22,
      "mean": 0.12
    },
    "seasonality_strength": {
      "mean": 0.9998721854651484,
      "std": 0.0022321824487511657,
      "p25": 0.9999999998554586,
      "p75": 0.9999999999725724
    }
  },
  "volatile": {
    "n_sellers": 373,
    "mean_cv": 2.5901642081306635,
    "median_cv": 2.561978036485153,
    "std_cv": 0.6180103479486406,
    "mean_ar1": 0.10645214561089034,
    "median_ar1": 0.06892778993435447,
    "mean_spike_ratio": 0.03541108132260947,
    "mean_zero_ratio": 0.7613941018766756,
    "mean_rev_mean": 78.83235701519213,
    "mean_rev_std": 195.2902016897801,
    "cv_percentiles": {
      "p10": 1.782796812844692,
      "p25": 2.1693266553678736,
      "p50": 2.561978036485153,
      "p75": 2.9706729342765743,
      "p90": 3.3864310392815264
    },
    "ar1_percentiles": {
      "p10": -0.1303636181245749,
      "p50": 0.06892778993435447,
      "p90": 0.41931396604165966
    },
    "noise_dist": {
      "best": "student_t",
      "t_df": 0.21452430577135323,
      "t_loc": -1.141364457785782e-19,
      "t_scale": 2.171478751227928e-19
    },
    "m_i_beta": {
      "alpha": 2,
      "beta": 18,
      "mean": 0.1
    },
    "seasonality_strength": {
      "mean": 0.9416513736418742,
      "std": 0.13325795920546143,
      "p25": 0.9758252415368968,
      "p75": 0.9999999999628478
    }
  }
}